{"epoch": 5, "_runtime": 31, "_timestamp": 1615527849, "_step": 24, "loss": 72584.29660416143, "accuracy": 0.266, "val_loss": 72911.71684388851, "val_accuracy": 0.2588}