{"epoch": 10, "_runtime": 41, "_timestamp": 1615616387, "_step": 49, "loss": 4680252.600710506, "accuracy": 0.09886666666666667, "val_loss": 4675847.625936982, "val_accuracy": 0.10113333333333334}