{"epoch": 10, "_runtime": 18, "_timestamp": 1615614704, "_step": 49, "loss": 454264.7034328425, "accuracy": 0.22713333333333333, "val_loss": 449707.4414718624, "val_accuracy": 0.22256666666666666}