{"epoch": 10, "_runtime": 31, "_timestamp": 1615618747, "_step": 49, "loss": 8398679.924999675, "accuracy": 0.0994, "val_loss": 8456686.114835016, "val_accuracy": 0.1006}