{"epoch": 10, "_runtime": 34, "_timestamp": 1615626988, "_step": 49, "loss": 6764891.892309164, "accuracy": 0.10113333333333334, "val_loss": 6725544.415196375, "val_accuracy": 0.09886666666666667}