{"layer_sizes": 32, "_runtime": 46, "_timestamp": 1615477649, "_step": 57, "num_layers": 5, "activation": "sigmoid", "optimizer": "normal", "weight_decay": 0, "batch_size": 64, "learning_rate": 0.001, "weight_init": "random", "epoch": 10, "loss": 9835262.107252808, "accuracy": 0.10018518518518518, "val_loss": 1092806.9008058684, "val_accuracy": 0.09833333333333333}