{"epoch": 5, "_runtime": 42, "_timestamp": 1615614993, "_step": 24, "loss": 9402114.79282683, "accuracy": 0.09886666666666667, "val_loss": 9439695.16075329, "val_accuracy": 0.10113333333333334}