{"epoch": 5, "_runtime": 152, "_timestamp": 1615628045, "_step": 24, "loss": Infinity, "accuracy": 0.09923333333333334, "val_loss": Infinity, "val_accuracy": 0.10076666666666667}