{"epoch": 5, "_runtime": 11, "_timestamp": 1615626616, "_step": 24, "loss": 1071021.8139397395, "accuracy": 0.10096666666666666, "val_loss": 1078127.0068152163, "val_accuracy": 0.09903333333333333}