{"epoch": 10, "_runtime": 113, "_timestamp": 1615614480, "_step": 49, "loss": 63014.61163929281, "accuracy": 0.4778, "val_loss": 63305.260830636034, "val_accuracy": 0.47513333333333335}