{"epoch": 10, "_runtime": 31, "_timestamp": 1615612744, "_step": 49, "loss": 66586.68954027437, "accuracy": 0.4043333333333333, "val_loss": 67186.69462302099, "val_accuracy": 0.3965666666666667}