{"epoch": 10, "_runtime": 40, "_timestamp": 1615625898, "_step": 49, "loss": 7915022.374004644, "accuracy": 0.09923333333333334, "val_loss": 7858796.550422317, "val_accuracy": 0.10076666666666667}