{"epoch": 5, "_runtime": 18, "_timestamp": 1615529494, "_step": 24, "loss": 98987.76222039112, "accuracy": 0.09893333333333333, "val_loss": 98943.041605623, "val_accuracy": 0.1011}