{"epoch": 5, "_runtime": 26, "_timestamp": 1615618394, "_step": 24, "loss": 2227213.86027398, "accuracy": 0.10096666666666666, "val_loss": 2231578.67202228, "val_accuracy": 0.09903333333333333}