{"graph": {"_type": "graph-file", "path": "media/graph/graph_summary_634c2155.graph.json", "sha256": "634c2155e2aa1b681db8c4ea2391c9ba2e43b6b1bd7243e83a03ee18a31deda0", "size": 1040}, "epoch": 14, "loss": 0.5576962232589722, "accuracy": 0.8336135745048523, "val_loss": 0.5399949550628662, "val_accuracy": 0.8385990858078003, "_runtime": 523, "_timestamp": 1619868004, "_step": 14, "best_val_loss": 0.5399949550628662, "best_epoch": 14}