{"epoch": 10, "_runtime": 192, "_timestamp": 1615625632, "_step": 49, "loss": Infinity, "accuracy": 0.10096666666666666, "val_loss": Infinity, "val_accuracy": 0.09903333333333333}