{"epoch": 10, "_runtime": 45, "_timestamp": 1615629299, "_step": 49, "loss": 151082.40630535627, "accuracy": 0.24716666666666667, "val_loss": 151749.0029507128, "val_accuracy": 0.24626666666666666}