{"epoch": 10, "_runtime": 31, "_timestamp": 1615618296, "_step": 49, "loss": 260243.3260528335, "accuracy": 0.09873333333333334, "val_loss": 258798.30343853007, "val_accuracy": 0.10073333333333333}