{"epoch": 5, "_runtime": 24, "_timestamp": 1615526174, "_step": 24, "loss": 63284.39552120864, "accuracy": 0.3943333333333333, "val_loss": 63348.26739703854, "val_accuracy": 0.39043333333333335}