{"epoch": 5, "_runtime": 19, "_timestamp": 1615629868, "_step": 24, "loss": 356047.7742493021, "accuracy": 0.08513333333333334, "val_loss": 359422.7352911792, "val_accuracy": 0.08193333333333333}