{"epoch": 10, "_runtime": 48, "_timestamp": 1615526600, "_step": 49, "loss": 2770279.750977408, "accuracy": 0.1013, "val_loss": 2796760.330197891, "val_accuracy": 0.0987}