{"epoch": 5, "_runtime": 26, "_timestamp": 1615618061, "_step": 24, "loss": NaN, "accuracy": 0.09923333333333334, "val_loss": NaN, "val_accuracy": 0.10076666666666667}