{"epoch": 10, "_runtime": 27, "_timestamp": 1615626223, "_step": 49, "loss": 112081.52234004551, "accuracy": 0.10096666666666666, "val_loss": 112580.22695239019, "val_accuracy": 0.09903333333333333}