{"epoch": 10, "_runtime": 51, "_timestamp": 1615619888, "_step": 49, "loss": 93923.93931082342, "accuracy": 0.19943333333333332, "val_loss": 93917.3663541147, "val_accuracy": 0.1988}