{"epoch": 5, "_runtime": 22, "_timestamp": 1615626645, "_step": 24, "loss": 100501.57830336835, "accuracy": 0.09886666666666667, "val_loss": 100376.14851344141, "val_accuracy": 0.10113333333333334}