{"layer_sizes": 32, "_runtime": 32, "_timestamp": 1615475847, "_step": 32, "num_layers": 5, "activation": "sigmoid", "optimizer": "nesterov", "weight_decay": 0, "batch_size": 32, "learning_rate": 0.001, "weight_init": "random", "epoch": 5, "loss": 15981864.36338973, "accuracy": 0.10005555555555555, "val_loss": 1775762.7070433032, "val_accuracy": 0.0995}