{"epoch": 10, "_runtime": 58, "_timestamp": 1615613849, "_step": 49, "loss": 101389.44780940711, "accuracy": 0.09886666666666667, "val_loss": 101422.70048786642, "val_accuracy": 0.10113333333333334}