{"epoch": 10, "_runtime": 119, "_timestamp": 1615630546, "_step": 49, "loss": 624609.674562521, "accuracy": 0.12366666666666666, "val_loss": 644114.2396458534, "val_accuracy": 0.11663333333333334}