{"epoch": 10, "_runtime": 32, "_timestamp": 1615525938, "_step": 49, "loss": 1299510.1386701907, "accuracy": 0.10096666666666666, "val_loss": 1305979.391289192, "val_accuracy": 0.09903333333333333}