{"epoch": 5, "_runtime": 18, "_timestamp": 1615626801, "_step": 24, "loss": 364486.578479605, "accuracy": 0.10453333333333334, "val_loss": 363876.86341817025, "val_accuracy": 0.10616666666666667}