{"epoch": 5, "_runtime": 48, "_timestamp": 1615615818, "_step": 24, "loss": 93928.58783783548, "accuracy": 0.16526666666666667, "val_loss": 94556.080743256, "val_accuracy": 0.16096666666666667}