{"epoch": 5, "_runtime": 88, "_timestamp": 1615627884, "_step": 24, "loss": 514943.11447185813, "accuracy": 0.1032, "val_loss": 516547.5402956774, "val_accuracy": 0.10163333333333334}