{"epoch": 5, "_runtime": 24, "_timestamp": 1615528280, "_step": 24, "loss": 841260.4833678112, "accuracy": 0.10096666666666666, "val_loss": 841519.4512382548, "val_accuracy": 0.09903333333333333}