{"epoch": 5, "_runtime": 38, "_timestamp": 1615527548, "_step": 24, "loss": 104889.79616725355, "accuracy": 0.10113333333333334, "val_loss": 104927.88649054, "val_accuracy": 0.09886666666666667}