{"epoch": 10, "_runtime": 39, "_timestamp": 1615629073, "_step": 49, "loss": 2443956.6022146065, "accuracy": 0.09923333333333334, "val_loss": 2432308.6483961176, "val_accuracy": 0.10076666666666667}