{"epoch": 10, "_runtime": 31, "_timestamp": 1615530020, "_step": 49, "loss": 73852.69378774743, "accuracy": 0.3807333333333333, "val_loss": 73976.59535269621, "val_accuracy": 0.37496666666666667}