{"epoch": 10, "_runtime": 98, "_timestamp": 1615624647, "_step": 49, "loss": 201634.15137416826, "accuracy": 0.10113333333333334, "val_loss": 201294.772020581, "val_accuracy": 0.09886666666666667}