{"epoch": 10, "_runtime": 96, "_timestamp": 1615529676, "_step": 49, "loss": 62612.59273726393, "accuracy": 0.4873, "val_loss": 61686.911152309265, "val_accuracy": 0.4924}