{"epoch": 10, "_runtime": 47, "_timestamp": 1615618839, "_step": 49, "loss": 4851893.172236308, "accuracy": 0.09886666666666667, "val_loss": 4830026.360040935, "val_accuracy": 0.10113333333333334}