{"epoch": 5, "_runtime": 30, "_timestamp": 1615613305, "_step": 24, "loss": 6426950.346255814, "accuracy": 0.09996666666666666, "val_loss": 6419921.7691613715, "val_accuracy": 0.1002}