{"epoch": 5, "_runtime": 26, "_timestamp": 1615527985, "_step": 24, "loss": 31567.338974537593, "accuracy": 0.7422333333333333, "val_loss": 31902.976176239412, "val_accuracy": 0.7416333333333334}