{"epoch": 10, "_runtime": 37, "_timestamp": 1615526084, "_step": 49, "loss": 54792.161441547665, "accuracy": 0.6524333333333333, "val_loss": 55097.34033424748, "val_accuracy": 0.6473333333333333}