{"epoch": 10, "_runtime": 67, "_timestamp": 1615618517, "_step": 49, "loss": 10698360.468987277, "accuracy": 0.10113333333333334, "val_loss": 10743192.508604012, "val_accuracy": 0.09886666666666667}