{"epoch": 10, "_runtime": 118, "_timestamp": 1615629694, "_step": 49, "loss": 15159774.35965028, "accuracy": 0.09923333333333334, "val_loss": 15116136.43173805, "val_accuracy": 0.10076666666666667}