{"epoch": 10, "_runtime": 100, "_timestamp": 1615613469, "_step": 49, "loss": 73358.65310693684, "accuracy": 0.31526666666666664, "val_loss": 73285.53979504085, "val_accuracy": 0.31353333333333333}