{"epoch": 5, "_runtime": 12, "_timestamp": 1615630830, "_step": 24, "loss": 101307.74846309352, "accuracy": 0.09923333333333334, "val_loss": 101340.0095711765, "val_accuracy": 0.10076666666666667}