{"epoch": 5, "_runtime": 47, "_timestamp": 1615616700, "_step": 24, "loss": 270091.6647269721, "accuracy": 0.36083333333333334, "val_loss": 270767.2954739349, "val_accuracy": 0.36473333333333335}