{"epoch": 10, "_runtime": 104, "_timestamp": 1615616554, "_step": 49, "loss": 2664319.7908750386, "accuracy": 0.09886666666666667, "val_loss": 2663399.276781742, "val_accuracy": 0.10113333333333334}