{"epoch": 5, "_runtime": 12, "_timestamp": 1615631316, "_step": 24, "loss": 197869.8029523712, "accuracy": 0.0994, "val_loss": 199090.70863478712, "val_accuracy": 0.1006}