{"epoch": 10, "_runtime": 30, "_timestamp": 1615626838, "_step": 49, "loss": 108636.83338480833, "accuracy": 0.10113333333333334, "val_loss": 108870.48540783167, "val_accuracy": 0.09886666666666667}