{"epoch": 10, "_runtime": 81, "_timestamp": 1615628606, "_step": 49, "loss": Infinity, "accuracy": 0.09923333333333334, "val_loss": Infinity, "val_accuracy": 0.10076666666666667}