{"epoch": 5, "_runtime": 18, "_timestamp": 1615617902, "_step": 24, "loss": 164585.687783628, "accuracy": 0.16306666666666667, "val_loss": 164616.78986414114, "val_accuracy": 0.16116666666666668}