{"epoch": 5, "_runtime": 23, "_timestamp": 1615526204, "_step": 24, "loss": 8710479.299922023, "accuracy": 0.10106666666666667, "val_loss": 8708766.150601285, "val_accuracy": 0.09883333333333333}