{"epoch": 10, "_runtime": 34, "_timestamp": 1615620764, "_step": 49, "loss": 99655.5676592046, "accuracy": 0.10113333333333334, "val_loss": 99666.24582907383, "val_accuracy": 0.09886666666666667}