{"epoch": 10, "_runtime": 33, "_timestamp": 1615614281, "_step": 49, "loss": 1961315.7264858298, "accuracy": 0.10096666666666666, "val_loss": 1950359.1915680103, "val_accuracy": 0.09903333333333333}