{"epoch": 10, "_runtime": 35, "_timestamp": 1615629842, "_step": 49, "loss": 6587006.330438784, "accuracy": 0.10096666666666666, "val_loss": 6631845.333746668, "val_accuracy": 0.09903333333333333}