{"epoch": 5, "_runtime": 21, "_timestamp": 1615615564, "_step": 24, "loss": 4028162.1401955057, "accuracy": 0.10113333333333334, "val_loss": 3998485.128965718, "val_accuracy": 0.09886666666666667}