{"epoch": 10, "_runtime": 62, "_timestamp": 1615529984, "_step": 49, "loss": 490333.93738816376, "accuracy": 0.11256666666666666, "val_loss": 493559.367121013, "val_accuracy": 0.11243333333333333}