{"epoch": 5, "_runtime": 12, "_timestamp": 1615620783, "_step": 24, "loss": 1470806.9440655238, "accuracy": 0.11823333333333333, "val_loss": 1468115.5351792527, "val_accuracy": 0.11896666666666667}