{"epoch": 5, "_runtime": 26, "_timestamp": 1615626134, "_step": 24, "loss": Infinity, "accuracy": 0.10836666666666667, "val_loss": Infinity, "val_accuracy": 0.10516666666666667}