{"epoch": 5, "_runtime": 63, "_timestamp": 1615629567, "_step": 24, "loss": Infinity, "accuracy": 0.10043333333333333, "val_loss": Infinity, "val_accuracy": 0.10156666666666667}