{"epoch": 9, "_runtime": 22, "_timestamp": 1615525474, "_step": 42, "loss": NaN, "accuracy": 0.10113333333333334, "val_loss": NaN, "val_accuracy": 0.09886666666666667}