{"epoch": 10, "_runtime": 61, "_timestamp": 1615615684, "_step": 49, "loss": 615227.699305221, "accuracy": 0.09923333333333334, "val_loss": 616612.628379262, "val_accuracy": 0.10076666666666667}