{"epoch": 10, "_runtime": 49, "_timestamp": 1615617810, "_step": 49, "loss": 4462185.111355583, "accuracy": 0.10113333333333334, "val_loss": 4468812.798635906, "val_accuracy": 0.09886666666666667}