{"epoch": 5, "_runtime": 27, "_timestamp": 1615620381, "_step": 24, "loss": 1758890.677182734, "accuracy": 0.09886666666666667, "val_loss": 1765810.7523960606, "val_accuracy": 0.10113333333333334}