{"epoch": 5, "_runtime": 60, "_timestamp": 1615618363, "_step": 24, "loss": 105445.78174236168, "accuracy": 0.26966666666666667, "val_loss": 105122.73870785815, "val_accuracy": 0.27143333333333336}