{"epoch": 10, "_runtime": 27, "_timestamp": 1615530052, "_step": 49, "loss": NaN, "accuracy": 0.10113333333333334, "val_loss": NaN, "val_accuracy": 0.09886666666666667}