{"epoch": 5, "_runtime": 23, "_timestamp": 1615617958, "_step": 24, "loss": 1058694.7445395135, "accuracy": 0.10096666666666666, "val_loss": 1070891.446266646, "val_accuracy": 0.09903333333333333}