{"epoch": 5, "_runtime": 32, "_timestamp": 1615620617, "_step": 24, "loss": 43099.62774479268, "accuracy": 0.6968333333333333, "val_loss": 43376.30315131349, "val_accuracy": 0.6925666666666667}