{"epoch": 5, "_runtime": 39, "_timestamp": 1615626442, "_step": 24, "loss": Infinity, "accuracy": 0.09923333333333334, "val_loss": Infinity, "val_accuracy": 0.10076666666666667}