{"epoch": 10, "_runtime": 62, "_timestamp": 1615530401, "_step": 49, "loss": 486623.61541059497, "accuracy": 0.11963333333333333, "val_loss": 490314.33302043844, "val_accuracy": 0.11803333333333334}