{"epoch": 5, "_runtime": 17, "_timestamp": 1615529917, "_step": 24, "loss": 75673.13339696184, "accuracy": 0.44603333333333334, "val_loss": 75785.6934483625, "val_accuracy": 0.4434666666666667}