{"epoch": 5, "_runtime": 13, "_timestamp": 1615618010, "_step": 24, "loss": 109947.00495293889, "accuracy": 0.0998, "val_loss": 109998.2045016967, "val_accuracy": 0.1002}