{"epoch": 5, "_runtime": 27, "_timestamp": 1615614681, "_step": 24, "loss": 8416791.716453923, "accuracy": 0.09923333333333334, "val_loss": 8327806.489090981, "val_accuracy": 0.10076666666666667}