{"epoch": 10, "_runtime": 96, "_timestamp": 1615619138, "_step": 49, "loss": 270469.25308843516, "accuracy": 0.10096666666666666, "val_loss": 269353.781023043, "val_accuracy": 0.09903333333333333}