{"epoch": 10, "_runtime": 41, "_timestamp": 1615530334, "_step": 49, "loss": 400231.7738675232, "accuracy": 0.09923333333333334, "val_loss": 399667.93178881006, "val_accuracy": 0.10076666666666667}