{"epoch": 5, "_runtime": 15, "_timestamp": 1615625773, "_step": 24, "loss": 102189.11460095548, "accuracy": 0.09923333333333334, "val_loss": 102170.92673316627, "val_accuracy": 0.10076666666666667}