{"epoch": 5, "_runtime": 26, "_timestamp": 1615613593, "_step": 24, "loss": 336014.44868984976, "accuracy": 0.09856666666666666, "val_loss": 336763.27975245117, "val_accuracy": 0.10013333333333334}