{"epoch": 5, "_runtime": 34, "_timestamp": 1615626600, "_step": 24, "loss": Infinity, "accuracy": 0.18006666666666668, "val_loss": Infinity, "val_accuracy": 0.17813333333333334}