{"epoch": 10, "_runtime": 59, "_timestamp": 1615631262, "_step": 49, "loss": Infinity, "accuracy": 0.10113333333333334, "val_loss": Infinity, "val_accuracy": 0.09886666666666667}