{"epoch": 10, "_runtime": 32, "_timestamp": 1615626561, "_step": 49, "loss": 533561.3777306989, "accuracy": 0.10096666666666666, "val_loss": 532152.0941386276, "val_accuracy": 0.09903333333333333}