{"epoch": 10, "_runtime": 21, "_timestamp": 1615629184, "_step": 49, "loss": 99748.52902966234, "accuracy": 0.10096666666666666, "val_loss": 99743.81826640142, "val_accuracy": 0.09903333333333333}