{"epoch": 5, "_runtime": 32, "_timestamp": 1615617032, "_step": 24, "loss": Infinity, "accuracy": 0.09886666666666667, "val_loss": Infinity, "val_accuracy": 0.10113333333333334}