{"epoch": 10, "_runtime": 44, "_timestamp": 1615478087, "_step": 79, "loss": 9602974.36631308, "accuracy": 0.10018518518518518, "val_loss": 1066997.151812564, "val_accuracy": 0.09833333333333333, "W_L_mag": 131.04856608447378, "W_L_grad_mag": 0.0, "W_L_update_mag": 3.029391114897969e-31}