{"epoch": 10, "_runtime": 20, "_timestamp": 1615529403, "_step": 49, "loss": NaN, "accuracy": 0.10113333333333334, "val_loss": NaN, "val_accuracy": 0.09886666666666667}