{"epoch": 5, "_runtime": 23, "_timestamp": 1615615307, "_step": 24, "loss": 229866.57527390576, "accuracy": 0.13823333333333335, "val_loss": 229081.83881440834, "val_accuracy": 0.13806666666666667}