{"epoch": 10, "_runtime": 38, "_timestamp": 1615629914, "_step": 49, "loss": 74233.24954682855, "accuracy": 0.41973333333333335, "val_loss": 74103.15392957932, "val_accuracy": 0.4228}