{"epoch": 5, "_runtime": 33, "_timestamp": 1615528177, "_step": 24, "loss": Infinity, "accuracy": 0.09923333333333334, "val_loss": Infinity, "val_accuracy": 0.10076666666666667}