{"epoch": 5, "_runtime": 23, "_timestamp": 1615527876, "_step": 24, "loss": 99399.97501217545, "accuracy": 0.16146666666666668, "val_loss": 99440.2398499778, "val_accuracy": 0.16036666666666666}