{"epoch": 5, "_runtime": 44, "_timestamp": 1615525986, "_step": 24, "loss": 106502.33047384993, "accuracy": 0.09886666666666667, "val_loss": 106451.61327571969, "val_accuracy": 0.10113333333333334}