{"epoch": 5, "_runtime": 28, "_timestamp": 1615529263, "_step": 24, "loss": 45669.71170654132, "accuracy": 0.6075333333333334, "val_loss": 46229.37133123764, "val_accuracy": 0.6052333333333333}