{"epoch": 5, "_runtime": 33, "_timestamp": 1615529471, "_step": 24, "loss": 3197995.2664386225, "accuracy": 0.0989, "val_loss": 3182782.0880951555, "val_accuracy": 0.1011}