{"epoch": 10, "_runtime": 42, "_timestamp": 1615527399, "_step": 49, "loss": 39702.834248791696, "accuracy": 0.6505666666666666, "val_loss": 40010.89120888703, "val_accuracy": 0.6494333333333333}