{"epoch": 10, "_runtime": 72, "_timestamp": 1615629773, "_step": 49, "loss": 32642.954571970127, "accuracy": 0.7568333333333334, "val_loss": 32713.849381279804, "val_accuracy": 0.7582666666666666}