{"epoch": 10, "_runtime": 47, "_timestamp": 1615529210, "_step": 49, "loss": 99533.13362231152, "accuracy": 0.10113333333333334, "val_loss": 99529.47899881272, "val_accuracy": 0.09886666666666667}