{"epoch": 5, "_runtime": 52, "_timestamp": 1615526869, "_step": 24, "loss": 67284.57862420173, "accuracy": 0.3278333333333333, "val_loss": 67123.75734928991, "val_accuracy": 0.3280666666666667}