{"epoch": 5, "_runtime": 31, "_timestamp": 1615622289, "_step": 24, "loss": 4803411.394404556, "accuracy": 0.09923333333333334, "val_loss": 4809254.527167913, "val_accuracy": 0.10076666666666667}