{"epoch": 5, "_runtime": 37, "_timestamp": 1615616181, "_step": 24, "loss": 38878.79989840604, "accuracy": 0.6516666666666666, "val_loss": 39315.59438576639, "val_accuracy": 0.6495666666666666}