{"epoch": 5, "_runtime": 13, "_timestamp": 1615626189, "_step": 24, "loss": 1118485.2405564666, "accuracy": 0.10113333333333334, "val_loss": 1108101.9239414493, "val_accuracy": 0.09886666666666667}