{"epoch": 10, "_runtime": 59, "_timestamp": 1615629028, "_step": 49, "loss": 4809310.306700956, "accuracy": 0.1013, "val_loss": 4806093.02995169, "val_accuracy": 0.0987}