{"epoch": 10, "_runtime": 38, "_timestamp": 1615619782, "_step": 49, "loss": 1809538.60903005, "accuracy": 0.10096666666666666, "val_loss": 1802302.5084268262, "val_accuracy": 0.09903333333333333}