{"epoch": 10, "_runtime": 32, "_timestamp": 1615630747, "_step": 49, "loss": 20928.120121388427, "accuracy": 0.8289333333333333, "val_loss": 23164.104805518684, "val_accuracy": 0.8163666666666667}