{"epoch": 10, "_runtime": 76, "_timestamp": 1615529865, "_step": 49, "loss": 84577.5604517372, "accuracy": 0.36443333333333333, "val_loss": 84818.66505600688, "val_accuracy": 0.36033333333333334}