{"epoch": 10, "_runtime": 36, "_timestamp": 1615612945, "_step": 49, "loss": 101042.07491987725, "accuracy": 0.10096666666666666, "val_loss": 101015.06554290114, "val_accuracy": 0.09903333333333333}