{"epoch": 5, "_runtime": 18, "_timestamp": 1615619831, "_step": 24, "loss": 188339.5481480836, "accuracy": 0.06996666666666666, "val_loss": 187975.63484065485, "val_accuracy": 0.06716666666666667}