{"epoch": 5, "_runtime": 15, "_timestamp": 1615626089, "_step": 24, "loss": 9605198.164529383, "accuracy": 0.10113333333333334, "val_loss": 9611591.203534763, "val_accuracy": 0.09886666666666667}