{"epoch": 10, "_runtime": 32, "_timestamp": 1615631075, "_step": 49, "loss": 103778.62622452984, "accuracy": 0.10223333333333333, "val_loss": 104095.4964926132, "val_accuracy": 0.10026666666666667}