{"layer_sizes": 64, "_runtime": 60, "_timestamp": 1615469631, "_step": 57, "num_layers": 4, "activation": "sigmoid", "optimizer": "nesterov", "weight_decay": 0.0005, "batch_size": 16, "learning_rate": 0.001, "weight_init": "Xavier", "epoch": 10, "loss": 45083616.33651803, "accuracy": 0.10018518518518518, "val_loss": 5009290.7040575575, "val_accuracy": 0.09833333333333333}