{"epoch": 5, "_runtime": 47, "_timestamp": 1615629497, "_step": 24, "loss": 610057.0978863885, "accuracy": 0.11033333333333334, "val_loss": 613571.2724177012, "val_accuracy": 0.10966666666666666}