{"epoch": 10, "_runtime": 94, "_timestamp": 1615626396, "_step": 49, "loss": 45338.1141942524, "accuracy": 0.6242666666666666, "val_loss": 45725.79630596883, "val_accuracy": 0.6189666666666667}