{"epoch": 5, "_runtime": 21, "_timestamp": 1615529034, "_step": 24, "loss": 751718.6715841393, "accuracy": 0.09733333333333333, "val_loss": 755040.8096482854, "val_accuracy": 0.0999}