{"epoch": 7, "_runtime": 28, "_timestamp": 1615525311, "_step": 30, "loss": 47584.72217318927, "accuracy": 0.5790333333333333, "val_loss": 47857.43742555581, "val_accuracy": 0.5764666666666667}