{"epoch": 10, "_runtime": 28, "_timestamp": 1615621615, "_step": 49, "loss": 257320.42509819212, "accuracy": 0.09786666666666667, "val_loss": 257645.904441309, "val_accuracy": 0.09986666666666667}